date,description,category,amount
2026-07-01,Part-time job pay,Income,1150.0
2026-07-02,Rent share,Rent,-720.0
2026-07-03,Transport card top-up,Transport,-40.0
2026-07-05,Supermarket,Groceries,-86.74
2026-07-06,Food delivery,Dining Out,-38.76
2026-07-08,Video streaming,Subscriptions,-18.99
2026-07-08,Music streaming,Subscriptions,-13.99
2026-07-09,Phone plan,Utilities,-35.0
2026-07-10,Gym membership,Subscriptions,-34.0
2026-07-12,Supermarket,Groceries,-82.07
2026-07-13,Friday dinner with friends,Dining Out,-32.8
2026-07-14,Cinema,Entertainment,-22.0
2026-07-15,Part-time job pay,Income,1150.0
2026-07-17,Transport card top-up,Transport,-40.0
2026-07-19,Supermarket,Groceries,-95.58
2026-07-20,Electricity share,Utilities,-48.0
2026-07-20,Clothes,Shopping,-67.35
2026-07-22,Cafe,Dining Out,-22.03
2026-07-24,Concert tickets,Entertainment,-41.12
2026-07-26,Supermarket,Groceries,-79.96
2026-07-27,Food delivery,Dining Out,-37.76
2026-07-28,Homewares,Shopping,-21.4
2026-08-01,Part-time job pay,Income,1150.0
2026-08-02,Rent share,Rent,-720.0
2026-08-03,Transport card top-up,Transport,-40.0
2026-08-05,Supermarket,Groceries,-90.1
2026-08-06,Food delivery,Dining Out,-31.15
2026-08-08,Video streaming,Subscriptions,-18.99
2026-08-08,Music streaming,Subscriptions,-13.99
2026-08-09,Phone plan,Utilities,-35.0
2026-08-10,Gym membership,Subscriptions,-34.0
2026-08-11,Birthday money from family,Income,150.0
2026-08-12,Supermarket,Groceries,-100.2
2026-08-13,Friday dinner with friends,Dining Out,-47.0
2026-08-14,Cinema,Entertainment,-24.64
2026-08-15,Part-time job pay,Income,1150.0
2026-08-17,Transport card top-up,Transport,-40.0
2026-08-19,Supermarket,Groceries,-112.36
2026-08-20,Clothes,Shopping,-99.74
2026-08-20,Electricity share,Utilities,-48.0
2026-08-22,Cafe,Dining Out,-59.55
2026-08-24,Concert tickets,Entertainment,-58.13
2026-08-26,Supermarket,Groceries,-91.1
2026-08-27,Food delivery,Dining Out,-45.02
2026-08-28,Homewares,Shopping,-23.44
2026-09-01,Part-time job pay,Income,1150.0
2026-09-02,Rent share,Rent,-720.0
2026-09-03,Transport card top-up,Transport,-40.0
2026-09-05,Supermarket,Groceries,-93.08
2026-09-06,Food delivery,Dining Out,-28.33
2026-09-08,Video streaming,Subscriptions,-18.99
2026-09-08,Music streaming,Subscriptions,-13.99
2026-09-09,Phone plan,Utilities,-35.0
2026-09-10,Gym membership,Subscriptions,-34.0
2026-09-12,Supermarket,Groceries,-78.95
2026-09-13,Friday dinner with friends,Dining Out,-44.68
2026-09-14,Cinema,Entertainment,-20.24
2026-09-15,Part-time job pay,Income,1150.0
2026-09-17,Transport card top-up,Transport,-40.0
2026-09-19,Supermarket,Groceries,-75.34
2026-09-20,Electricity share,Utilities,-48.0
2026-09-20,Clothes,Shopping,-59.7
2026-09-22,Cafe,Dining Out,-24.22
2026-09-24,Concert tickets,Entertainment,-54.43
2026-09-26,Supermarket,Groceries,-74.69
2026-09-27,Food delivery,Dining Out,-37.13
2026-09-28,Homewares,Shopping,-28.48
